Job Title,Company Name,Location,Salary,Job URL
Staff Security Engineer,Attentive,ğŸ‡ºğŸ‡¸ United States,ğŸ’° $40k - $68k*,https://remoteok.com/remote-jobs/remote-staff-security-engineer-attentive-1069439
Work from Home Customer Service Assistant $28 $30 Hourly,MasterCraft Boating Company,ğŸ‡ºğŸ‡¸ United States ğŸ”’,ğŸ‡ºğŸ‡¸ United States ğŸ”’,https://remoteok.com/remote-jobs/remote-work-from-home-customer-service-assistant-28-30-hourly-mastercraft-boating-company-1060118
Visual Designer,Attentive,ğŸ‡ºğŸ‡¸ United States,ğŸ’° $35k - $63k*,https://remoteok.com/remote-jobs/remote-visual-designer-attentive-1067142
B2B Conversion Rate Optimization Manager,FunnelEnvy,ğŸ‡ºğŸ‡¸ United States,,https://remoteok.com/remote-jobs/remote-b2b-conversion-rate-optimization-manager-funnelenvy-1066312
Social Media Associate,Underdog Sports,ğŸ‡ºğŸ‡¸ United States,ğŸ’° $30k - $50k*,https://remoteok.com/remote-jobs/remote-social-media-associate-underdog-sports-1062088
Social Media Operations Lead,ClassDojo,ğŸ‡ºğŸ‡¸ United States,ğŸ’° $35k - $65k*,https://remoteok.com/remote-jobs/remote-social-media-operations-lead-classdojo-1060475
Enablement Business Partner New Business,Showpad,ğŸ‡ºğŸ‡¸ United States,ğŸ’° $38k - $70k*,https://remoteok.com/remote-jobs/remote-enablement-business-partner-new-business-showpad-1059889
Customer Success Manager,dataplor,ğŸ‡ºğŸ‡¸ United States,ğŸ’° $38k - $70k*,https://remoteok.com/remote-jobs/remote-customer-success-manager-dataplor-1059312
Marketing Operations,Plaid,ğŸ‡ºğŸ‡¸ United States,ğŸ’° $30k - $60k*,https://remoteok.com/remote-jobs/remote-marketing-operations-plaid-1057603
Entrepreneur Residence,Lone Wolf Technologies,ğŸ‡ºğŸ‡¸ United States,ğŸ’° $40k - $75k*,https://remoteok.com/remote-jobs/remote-entrepreneur-residence-lone-wolf-technologies-1055071
Data and Marketing Analyst,Xsolla,ğŸ‡ºğŸ‡¸ United States,ğŸ’° $30k - $55k*,https://remoteok.com/remote-jobs/remote-data-and-marketing-analyst-xsolla-1054283
Raft Marketing Intern Summer 2025,Raft Company Website,ğŸ‡ºğŸ‡¸ United States,ğŸ’° $30k - $60k*,https://remoteok.com/remote-jobs/remote-raft-marketing-intern-summer-2025-raft-company-website-1046673
Customer Marketing @ 7R,SevenRooms,ğŸ‡ºğŸ‡¸ United States,ğŸ’° $55k - $90k*,https://remoteok.com/remote-jobs/remote-customer-marketing-7r-sevenrooms-1044070
Senior Financial Analyst,StockX,ğŸ‡ºğŸ‡¸ United States,ğŸ’° $65k - $88k*,https://remoteok.com/remote-jobs/remote-senior-financial-analyst-stockx-1042188
Medical Sales Representative,AnswersNow,ğŸ‡ºğŸ‡¸ United States,ğŸ’° $50k - $80k*,https://remoteok.com/remote-jobs/remote-medical-sales-representative-answersnow-1020345
Vice President Software Engineering Marketplace,Xometry,ğŸ‡ºğŸ‡¸ United States,ğŸ’° $80k - $120k*,https://remoteok.com/remote-jobs/remote-vice-president-software-engineering-marketplace-xometry-1015867
Full Stack Developer,RainFocus,ğŸ‡ºğŸ‡¸ United States,ğŸ’° $55k - $75k*,https://remoteok.com/remote-jobs/remote-full-stack-developer-rainfocus-1003008
Region Manager Central,Care Access,ğŸ‡ºğŸ‡¸ United States,ğŸ’° $40k - $70k*,https://remoteok.com/remote-jobs/remote-region-manager-central-care-access-1002461
Freelance real estate photographer,Evolve,ğŸ‡ºğŸ‡¸ United States,ğŸ’° $40k - $65k*,https://remoteok.com/remote-jobs/remote-freelance-real-estate-photographer-evolve-1002393
Account Based Marketing Manager,LogicGate,ğŸ‡ºğŸ‡¸ United States,ğŸ’° $40k - $83k*,https://remoteok.com/remote-jobs/remote-account-based-marketing-manager-logicgate-998581
